{
    "modo": {
        "modo": "noite",
        "configuracoes": {
            "color_background1": [
                0.17254901960784313,
                0.24313725490196078,
                0.3137254901960784,
                1
            ],
            "color_background2": [
                0.15294117647058825,
                0.6823529411764706,
                0.3764705882352941,
                1
            ],
            "color_font": [
                0.9254901960784314,
                0.9411764705882353,
                0.9450980392156862,
                1
            ],
            "color_button": [
                0.17254901960784313,
                0.24313725490196078,
                0.3137254901960784,
                1
            ],
            "color_button_pressed": [
                0.20392156862745098,
                0.596078431372549,
                0.8588235294117647,
                1
            ],
            "color_button_pressed2": [
                0.20392156862745098,
                0.596078431372549,
                0.8588235294117647,
                1
            ],
            "color_menubar": [
                0.9254901960784314,
                0.9411764705882353,
                0.9450980392156862,
                1
            ],
            "color_container": [
                0,
                0,
                0,
                0
            ],
            "color_caixa_pergunta": [
                0.1607843137254902,
                0.5019607843137255,
                0.7254901960784313,
                1
            ],
            "color_caixa_resposta": [
                0.20392156862745098,
                0.596078431372549,
                0.8588235294117647,
                1
            ],
            "toast_color": [
                0.2117647058823529,
                0.4235294117647058,
                0.5215686274509803,
                1
            ],
            "font_size": 30
        }
    }
}